teachers_languages_id,teacher_id,language_id
1,8805140,eng
2,7016168,eng
3,13547355,eng
4,8475169,eng
5,1609937,eng
6,7383465,eng
7,8563428,eng
8,6616436,eng
9,1421691,eng
10,10192337,eng
11,19267449,eng
12,24319452,eng
13,1775179,eng
14,7978472,eng
15,11356724,eng
16,818089,eng
17,5579354,eng
18,2026576,eng
19,8149092,eng
20,6792028,eng
21,13260847,eng
22,9080994,eng
23,4904045,eng
24,1376361,eng
25,4872031,eng
26,7439636,eng
27,12819096,eng
28,5215390,eng
29,8250850,eng
30,2099255,eng
31,8763090,eng
32,5675280,eng
33,8020137,eng
34,24691106,eng
35,11412254,eng
36,9092879,eng
37,9462336,eng
38,7438988,eng
39,7164308,eng
40,8755100,eng
41,6976505,eng
42,11120374,eng
43,3941812,eng
44,5047573,eng
45,9304402,eng
46,3919132,eng
47,8881973,eng
48,10727421,eng
49,10111821,eng
50,1701026,eng
51,6755108,eng
52,11107967,eng
53,3319743,eng
54,10497467,eng
55,9390085,eng
56,25419716,eng
57,24934068,eng
58,7842640,eng
59,6036107,eng
60,8572610,eng
61,6039523,eng
62,5582725,eng
63,5015283,eng
64,9973654,eng
65,5454801,eng
66,25618270,eng
67,4468629,eng
68,7672359,eng
69,23421746,eng
70,5613432,eng
71,1227745,eng
72,3323152,eng
73,4789668,eng
74,5354189,eng
75,10906683,eng
76,5526390,eng
77,18602495,eng
78,3977202,eng
79,10505160,eng
80,5315254,eng
81,6436926,eng
82,7049408,eng
83,10080220,eng
84,5228713,eng
85,5223456,eng
86,2930547,eng
87,10832648,eng
88,10328538,eng
89,11018644,eng
90,10492094,eng
91,4530463,eng
92,13718495,eng
93,7481562,eng
94,8191576,eng
95,7600310,eng
96,9805835,eng
97,13189762,eng
98,3666433,eng
99,792488,eng
100,9404832,eng
101,10583287,eng
102,4119769,eng
103,9937877,eng
104,6515070,eng
105,7841225,eng
106,6362444,eng
107,3398895,eng
108,8879143,eng
109,11115905,eng
110,7903207,eng
111,5962522,eng
112,11249768,eng
113,6252332,eng
114,1504271,eng
115,4846990,eng
116,13187522,eng
117,1837438,eng
118,23006632,eng
119,12650257,eng
120,19675103,eng
121,3511385,eng
122,13639396,eng
123,7632133,eng
124,7462090,eng
125,24695200,eng
126,3382878,eng
127,23799641,eng
128,3690833,eng
129,3176743,eng
130,7850416,eng
131,6570102,eng
132,6921357,eng
133,8240338,eng
134,6619965,eng
135,6190101,eng
136,11137135,eng
137,8452782,eng
138,23000341,eng
139,1637166,eng
140,5668477,eng
141,19689869,eng
142,4193324,eng
143,7075885,eng
144,6177230,eng
145,6350078,eng
146,7653954,eng
147,12948323,eng
148,10120260,eng
149,6975666,eng
150,11345440,eng
151,11525033,eng
152,5016562,eng
153,652005,eng
154,6430140,eng
155,16113473,eng
156,12125161,eng
157,1740507,eng
158,8071608,eng
159,6797751,eng
160,6642010,eng
161,5599778,eng
162,8281762,eng
163,20546820,eng
164,6008592,eng
165,6083517,eng
166,4957710,eng
167,6686166,eng
168,7510861,eng
169,6490911,eng
170,3184497,eng
171,22645230,eng
172,5224728,eng
173,9192980,eng
174,8530036,eng
175,11360411,eng
176,10576498,eng
177,22996115,eng
178,23002187,eng
179,8535015,eng
180,4449303,eng
181,5154901,eng
182,3996788,eng
183,6189244,eng
184,6997195,eng
185,10820663,eng
186,8747313,eng
187,25620090,eng
188,3423106,eng
189,612092,eng
190,1947582,eng
191,10180976,eng
192,5988067,eng
193,10579116,eng
194,9086553,eng
195,10108625,eng
196,11918950,eng
197,5764004,eng
198,8454927,eng
199,8882739,eng
200,7653186,eng
201,8167114,eng
202,11626206,eng
203,10013855,eng
204,9495852,eng
205,2539706,eng
206,24647106,eng
207,8186384,eng
208,7139695,eng
209,4144680,eng
210,8211676,eng
211,7689801,eng
212,11353880,eng
213,5502929,eng
214,3850435,eng
215,6794590,eng
216,8421090,eng
217,4918866,eng
218,12214170,eng
219,16590331,eng
220,7650761,eng
221,7544030,eng
222,9271235,eng
223,10160007,eng
224,4341948,eng
225,9281659,eng
226,10318064,eng
227,7488773,eng
228,18186493,eng
229,19679095,eng
230,22217084,eng
231,5624215,eng
232,12387577,eng
233,7205806,eng
234,20227307,eng
235,4257355,eng
236,10747830,eng
237,10183510,eng
238,24886346,eng
239,10077435,eng
240,3440083,eng
241,13238912,eng
242,9168802,eng
243,11794297,eng
244,1252404,eng
245,6589000,eng
246,1332037,eng
247,3579532,eng
248,5549099,eng
249,7525061,eng
250,3329240,eng
251,1469434,eng
252,3362378,eng
253,10745386,eng
254,5606163,eng
255,6876977,eng
256,7059978,eng
257,982054,eng
258,24624346,eng
259,8459476,eng
260,7175050,eng
261,9191917,eng
262,13259268,eng
263,11408991,eng
264,23005594,eng
265,9460001,eng
266,11349016,eng
267,11387653,eng
268,5882328,eng
269,10892045,eng
270,6162749,eng
271,4870794,eng
272,6415729,eng
273,8759711,eng
274,7962451,eng
275,1436592,eng
276,8898777,eng
277,7242424,eng
278,6222005,eng
279,7210611,eng
280,10497549,eng
281,8525874,eng
282,24094847,eng
283,8305172,eng
284,8726532,eng
285,6465418,eng
286,17191861,eng
287,7480197,eng
288,6182497,eng
289,8879428,eng
290,10652686,eng
291,13538823,eng
292,7240343,eng
293,10339726,eng
294,4045468,eng
295,8431530,eng
296,7807236,eng
297,7191117,eng
298,8838885,eng
299,9626881,eng
300,23004869,eng
301,24103559,eng
302,10722356,eng
303,4606951,eng
304,10014856,eng
305,5664238,eng
306,11026169,eng
307,7993935,eng
308,13183352,eng
309,10482189,eng
310,9960189,eng
311,3196089,eng
312,10004889,eng
313,1134705,eng
314,5918508,eng
315,9501461,eng
316,5557161,eng
317,5364671,eng
318,3754930,eng
319,11835085,eng
320,6246677,eng
321,4380547,eng
322,1121091,eng
323,1111764,eng
324,7904786,eng
325,4626374,eng
326,8827605,eng
327,22411123,eng
328,9391870,eng
329,4645792,eng
330,8211505,eng
331,4573020,eng
332,7320722,eng
333,13429505,eng
334,12731083,eng
335,10309706,eng
336,4888479,eng
337,1401233,eng
338,7961223,eng
339,10113591,eng
340,4949943,eng
341,14604918,eng
342,3645080,eng
343,8343698,eng
344,13259526,eng
345,2412143,eng
346,25620390,eng
347,8477696,eng
348,22817882,eng
349,10639851,eng
350,10883316,eng
351,10111525,eng
352,10584805,eng
353,10308337,eng
354,9282543,eng
355,6939714,eng
356,8444827,eng
357,10005320,eng
358,1852808,eng
359,9913608,eng
360,7748429,eng
361,6719249,eng
362,6679299,eng
363,11023206,eng
364,9165829,eng
365,6479781,eng
366,9184861,eng
367,8801222,eng
368,1907047,eng
369,9993568,eng
370,9914330,eng
371,1302335,eng
372,9078260,eng
373,1132229,eng
374,7237727,eng
375,11640276,eng
376,8418113,eng
377,1403251,eng
378,9503187,eng
379,5332423,eng
380,7214941,eng
381,10743568,eng
382,12347556,eng
383,3453618,eng
384,11355106,eng
385,5699356,eng
386,1195046,eng
387,9175939,eng
388,11529701,eng
389,11911144,eng
390,11664234,eng
391,11378705,eng
392,6126331,eng
393,11605712,eng
394,11019861,eng
395,6474787,eng
396,6156951,eng
397,7169120,eng
398,18718369,eng
399,6850209,eng
400,8281476,eng
401,22947542,eng
402,13195105,eng
403,4846996,eng
404,3643649,eng
405,7236252,eng
406,7219744,eng
407,6568470,eng
408,23065309,eng
409,6727733,eng
410,9092702,eng
411,11141259,eng
412,19999718,eng
413,13444079,eng
414,25622203,eng
415,8474487,eng
416,8008619,eng
417,8195671,eng
418,6701534,eng
419,6948476,eng
420,9013891,eng
421,5712612,eng
422,9012342,eng
423,24819500,eng
424,4888582,eng
425,25619395,eng
426,5602671,eng
427,1940349,eng
428,7354261,eng
429,7209857,eng
430,9779566,eng
431,18173300,eng
432,23409589,eng
433,8647919,eng
434,13550515,eng
435,10167001,eng
436,8460054,eng
437,1937576,eng
438,6529370,eng
439,7612225,eng
440,5954990,eng
441,10823523,eng
442,4113123,eng
443,24932861,eng
444,8161938,eng
445,7369909,eng
446,8878499,eng
447,6994459,eng
448,5078580,eng
449,5091369,eng
450,13335393,eng
451,7486300,eng
452,8904734,eng
453,6109441,eng
454,3057197,eng
455,13060696,eng
456,6262949,eng
457,9284230,eng
458,9498497,eng
459,11243242,eng
460,4799329,eng
461,6321803,eng
462,7167168,eng
463,6718470,eng
464,7046524,eng
465,6572355,eng
466,8633354,eng
467,2714186,eng
468,8614293,eng
469,19624401,eng
470,24819168,eng
471,12003801,eng
472,5925706,eng
473,5946431,eng
474,5345229,eng
475,939984,eng
476,11345109,eng
477,12562592,eng
478,10084039,eng
479,10328469,eng
480,10583850,eng
481,15797626,eng
482,4371100,eng
483,6353105,eng
484,9171027,eng
485,4518082,eng
486,24256041,eng
487,6975726,eng
488,8052409,eng
489,12625538,eng
490,5032207,eng
491,9930976,eng
492,8290699,eng
493,6964572,eng
494,13716570,eng
495,13080277,eng
496,4807000,eng
497,11392731,eng
498,7688268,eng
499,3822662,eng
500,5095780,eng
501,3510017,eng
502,6389592,eng
503,8880537,eng
504,11781350,eng
505,12933065,eng
506,1877108,eng
507,5382165,eng
508,13550934,eng
509,3260914,eng
510,9191516,eng
511,18615506,eng
512,8302016,eng
513,8764147,eng
514,3406991,eng
515,11515925,eng
516,10162387,eng
517,6249652,eng
518,7347451,eng
519,7023372,eng
520,11655376,eng
521,8742149,eng
522,11391831,eng
523,5700326,eng
524,7289383,eng
525,12357661,eng
526,23002121,eng
527,20463630,eng
528,13176814,eng
529,10827762,eng
530,5528130,eng
531,6471572,eng
532,6195619,eng
533,6633844,eng
534,9159613,eng
535,8143893,eng
536,10088566,eng
537,5306467,eng
538,21456468,eng
539,11241170,eng
540,7486812,eng
541,24933234,eng
542,10679230,eng
543,8071323,eng
544,10638714,eng
545,8500929,eng
546,7811882,eng
547,9494009,eng
548,10825735,eng
549,22379975,eng
550,8622815,eng
551,7334618,eng
552,8688759,eng
553,8870110,eng
554,1422194,eng
555,6638945,eng
556,5638514,eng
557,10446736,eng
558,11617912,eng
559,4497759,eng
560,5130127,eng
561,7146130,eng
562,6468420,eng
563,8471037,eng
564,5890116,eng
565,10857866,eng
566,10600370,eng
567,12439621,eng
568,7171436,eng
569,8870232,eng
570,25269320,eng
571,6575273,eng
572,8085649,eng
573,10471380,eng
574,6142298,eng
575,13237084,eng
576,24421265,eng
577,10492583,eng
578,2670292,eng
579,4975621,eng
580,23795927,eng
581,9821168,eng
582,5613621,eng
583,17428908,eng
584,3624121,eng
585,8119336,eng
586,11599146,eng
587,5665030,eng
588,6050179,eng
589,4718064,eng
590,8471767,eng
591,2977810,eng
592,3714176,eng
593,9073953,eng
594,707465,eng
595,4819819,eng
596,864873,eng
597,8588874,eng
598,6027039,eng
599,14084800,eng
600,24798926,eng
601,3445679,eng
602,10331042,eng
603,10594883,eng
604,6385614,eng
605,11032741,eng
606,22031178,eng
607,6224756,eng
608,20471843,eng
609,9916256,eng
610,5970460,eng
611,5264987,eng
612,11921003,eng
613,6241523,eng
614,7146190,eng
615,6875843,eng
616,11643692,eng
617,11662347,eng
618,7878929,eng
619,7047867,eng
620,11240915,eng
621,4699398,eng
622,5042130,eng
623,7146451,eng
624,10492265,eng
625,11009721,eng
626,10113922,eng
627,3117149,eng
628,9805507,eng
629,23877465,eng
630,7206711,eng
631,5176339,eng
632,6346918,eng
633,6627627,eng
634,2501071,eng
635,24865394,eng
636,8199177,eng
637,12964269,eng
638,8212540,eng
639,7177020,eng
640,719539,eng
641,7034653,eng
642,11530972,eng
643,5733896,eng
644,4967899,eng
645,6088702,eng
646,8114063,eng
647,12250343,eng
648,1788284,eng
649,11116650,eng
650,7894160,eng
651,3242409,eng
652,10897638,eng
653,6771830,eng
654,5069164,eng
655,22935748,eng
656,2915619,eng
657,5149047,eng
658,10467072,eng
659,9007939,eng
660,9505145,eng
661,10584215,eng
662,9497431,eng
663,7500098,eng
664,2690265,eng
665,21016687,eng
666,12816757,eng
667,1356999,eng
668,5619017,eng
669,13167391,eng
670,8461775,eng
671,7140354,eng
672,7270673,eng
673,10487615,eng
674,6455047,eng
675,12824440,eng
676,5179066,eng
677,3869313,eng
678,7032455,eng
679,10123005,eng
680,11786005,eng
681,5245196,eng
682,9630484,eng
683,2537351,eng
684,8902710,eng
685,11239380,eng
686,7146542,eng
687,2839899,eng
688,11253892,eng
689,1333357,eng
690,6625376,eng
691,7082787,eng
692,12633677,eng
693,17839146,eng
694,6356044,eng
695,6561523,eng
696,6052342,eng
697,25366282,eng
698,7369211,eng
699,1531161,eng
700,5267449,eng
701,9501931,eng
702,23002384,eng
703,12933058,eng
704,6272217,eng
705,11014379,eng
706,7805789,eng
707,11854992,eng
708,11922258,eng
709,13536716,eng
710,10327387,eng
711,10483122,eng
712,5762642,eng
713,3469570,eng
714,8440502,eng
715,13434288,eng
716,9503105,eng
717,11001544,eng
718,6964877,eng
719,10009633,eng
720,7453704,eng
721,25622020,eng
722,22896495,eng
723,8417922,eng
724,5279918,eng
725,9272900,eng
726,24819445,eng
727,10749084,eng
728,8034754,eng
729,6595832,eng
730,24932566,eng
731,9806632,eng
732,9456275,eng
733,1525201,eng
734,6697334,eng
735,5897191,eng
736,20717553,eng
737,10649985,eng
738,11516036,eng
739,5880289,eng
740,10476419,eng
741,4268012,eng
742,5190325,eng
743,12385558,eng
744,24873025,eng
745,3347980,eng
746,5944470,eng
747,10586821,eng
748,9097706,eng
749,8104627,eng
750,10107031,eng
751,6730494,eng
752,10501688,eng
753,24689769,eng
754,8421544,eng
755,3535135,eng
756,5375313,eng
757,3419891,eng
758,1610231,eng
759,10899860,eng
760,9819552,eng
761,658229,eng
762,6512046,eng
763,4042791,eng
764,4428036,eng
765,8472308,eng
766,24826657,eng
767,9271360,eng
768,10584695,eng
769,4603971,eng
770,6376836,eng
771,6648430,eng
772,7732308,eng
773,7002883,eng
774,3137302,eng
775,3894786,eng
776,7704126,eng
777,9015463,eng
778,4058053,eng
779,10900473,eng
780,7032455,sp
781,10449747,sp
782,7217645,sp
783,8888297,sp
784,8790153,sp
785,24109009,sp
786,13636503,sp
787,740680,sp
788,6580393,sp
789,24990095,sp
790,9800212,sp
791,11643362,sp
792,1642068,sp
793,11027832,sp
794,9791507,sp
795,9624465,sp
796,8900868,sp
797,9432189,sp
798,12577866,sp
799,6924969,sp
800,3522337,sp
801,24993554,sp
802,7626351,sp
803,4120452,sp
804,6968145,sp
805,12113451,sp
806,8872275,sp
807,4324891,sp
808,4547120,sp
809,8870654,sp
810,10886797,sp
811,3605521,sp
812,1846645,sp
813,6596598,sp
814,1148798,sp
815,5977561,sp
816,8247448,sp
817,7894019,sp
818,8848460,sp
819,2743098,sp
820,9185014,sp
821,10615867,sp
822,5648501,sp
823,3196089,sp
824,9179785,sp
825,7119473,sp
826,12631547,sp
827,9448479,sp
828,9402151,sp
829,25502891,sp
830,8769997,sp
831,11135065,sp
832,7580712,sp
833,6629257,sp
834,6473645,sp
835,3083595,sp
836,5282015,sp
837,24990269,sp
838,7004145,sp
839,8095633,sp
840,24994742,sp
841,7032625,sp
842,3481676,sp
843,6542783,sp
844,13065354,sp
845,6784534,sp
846,9194027,sp
847,7031189,sp
848,18970622,sp
849,8588342,sp
850,5167974,sp
851,8599302,sp
852,4017107,sp
853,2915619,sp
854,10682392,sp
855,12007119,sp
856,4888582,sp
857,8020137,sp
858,8888312,sp
859,6808721,sp
860,8156216,sp
861,1276352,sp
862,18498316,sp
863,3551410,sp
864,8083052,sp
865,515185,sp
866,3749844,sp
867,3749825,sp
868,6943871,sp
869,20919536,sp
870,8651187,sp
871,7851162,sp
872,9076507,sp
873,2429686,sp
874,13167786,sp
875,1390190,sp
876,4943752,sp
877,7345387,sp
878,7667488,sp
879,8309059,sp
880,19384826,sp
881,2789163,sp
882,9185716,sp
883,11917867,sp
884,10176253,sp
885,2661680,sp
886,9434073,sp
887,1373980,sp
888,10837313,sp
889,19126830,sp
890,4839741,sp
891,23606270,sp
892,5744107,sp
893,7454442,sp
894,8351560,sp
895,3941812,sp
896,24200761,sp
897,13548027,sp
898,9776516,sp
899,13081508,sp
900,11235658,sp
901,6658562,sp
902,8687300,sp
903,8217558,sp
904,16426958,sp
905,11660886,sp
906,10459163,sp
907,24322239,sp
908,24016210,sp
909,8633566,sp
910,4258698,sp
911,10602320,sp
912,1394533,sp
913,3210639,sp
914,2744145,sp
915,9799407,sp
916,12638002,sp
917,3890381,sp
918,13439084,sp
919,24821666,sp
920,5518993,sp
921,8356156,sp
922,7188221,sp
923,23358519,sp
924,24017606,sp
925,12429488,sp
926,10159055,sp
927,13264035,sp
928,6156951,sp
929,11669668,sp
930,6909126,sp
931,8641716,sp
932,9447090,sp
933,7813429,sp
934,25503296,sp
935,10322702,sp
936,8453638,sp
937,8150651,sp
938,24198612,sp
939,11799008,sp
940,5280808,sp
941,879316,sp
942,8148078,sp
943,24201556,sp
944,6957054,sp
945,5040278,sp
946,7894160,sp
947,8872618,sp
948,22998072,sp
949,25212170,sp
950,9102062,sp
951,1832631,sp
952,13365336,sp
953,18236217,sp
954,7168102,sp
955,22997097,sp
956,5675280,sp
957,6811690,sp
958,4736382,sp
959,3486419,sp
960,11843253,sp
961,1593321,sp
962,6849253,sp
963,6539416,sp
964,11781932,sp
965,23529630,sp
966,4894219,sp
967,7005855,sp
968,5055701,sp
969,8877969,sp
970,6589000,sp
971,10190842,sp
972,9104635,sp
973,4497759,sp
974,12099319,sp
975,8415507,sp
976,517538,sp
977,8395459,sp
978,13337230,sp
979,5570116,sp
980,3191232,sp
981,8625183,sp
982,9076286,sp
983,13242755,sp
984,6650114,sp
985,7201943,sp
986,8680699,sp
987,7910476,sp
988,9272900,sp
989,10113399,sp
990,5599778,sp
991,5154901,sp
992,24874909,sp
993,8184257,sp
994,9930327,sp
995,11345257,sp
996,8121155,sp
997,10354631,sp
998,3969552,sp
999,4722231,sp
1000,7671777,sp
1001,24201345,sp
1002,13727707,sp
1003,8563428,sp
1004,7095095,sp
1005,6975141,sp
1006,6975726,sp
1007,23139749,sp
1008,6190101,sp
1009,3616747,sp
1010,7184104,sp
1011,5640004,sp
1012,7230125,sp
1013,1375586,sp
1014,9171027,sp
1015,25501479,sp
1016,7379099,sp
1017,6730857,sp
1018,5691299,sp
1019,6897320,sp
1020,7035491,sp
1021,8527902,sp
1022,8873452,sp
1023,4917561,sp
1024,11511368,sp
1025,11005605,sp
1026,24008467,sp
1027,8434085,sp
1028,7172048,sp
1029,13082907,sp
1030,6708430,sp
1031,23002123,sp
1032,12224829,sp
1033,25003321,sp
1034,5119190,sp
1035,8278404,sp
1036,1563125,sp
1037,4961659,sp
1038,7504530,sp
1039,13237667,sp
1040,6898032,sp
1041,12428584,sp
1042,10903072,sp
1043,11834072,sp
1044,7317139,sp
1045,8114825,sp
1046,9273578,sp
1047,3089602,sp
1048,9012342,sp
1049,12556262,sp
1050,3477771,sp
1051,3146722,sp
1052,8418567,sp
1053,12816757,sp
1054,6894950,sp
1055,5347269,sp
1056,6816864,sp
1057,9092702,sp
1058,4277309,sp
1059,22889635,sp
1060,7150073,sp
1061,5042130,sp
1062,6025651,sp
1063,6939714,sp
1064,792488,sp
1065,24201021,sp
1066,9507643,sp
1067,3390180,sp
1068,24989319,sp
1069,11335193,sp
1070,8452782,sp
1071,18500511,sp
1072,7080201,sp
1073,24016913,sp
1074,7301409,sp
1075,8803660,sp
1076,24957186,sp
1077,7486300,sp
1078,22828823,sp
1079,8563427,sp
1080,6158109,sp
1081,9790824,sp
1082,6718470,sp
1083,8896609,sp
1084,4710615,sp
1085,22202964,sp
1086,8126556,sp
1087,10642726,sp
1088,11009328,sp
1089,7235541,sp
1090,13186539,sp
1091,10163770,sp
1092,8471773,sp
1093,1508934,sp
1094,6695322,sp
1095,9397078,sp
1096,5934307,sp
1097,7757663,sp
1098,22996570,sp
1099,355886,sp
1100,1792216,sp
1101,8891412,sp
1102,12447320,sp
1103,5652128,sp
1104,8448008,sp
1105,9651139,sp
1106,1376361,sp
1107,6041653,sp
1108,6843860,sp
1109,12825554,sp
1110,7765998,sp
1111,7503105,sp
1112,25364023,sp
1113,1907047,sp
1114,3865223,sp
1115,1227382,sp
1116,7048732,sp
1117,9082220,sp
1118,8114063,sp
1119,6844238,sp
1120,9452106,sp
1121,6395776,sp
1122,9635355,sp
1123,7334618,sp
1124,22700339,sp
1125,10080220,sp
1126,7533362,sp
1127,12347518,sp
1128,3433816,sp
1129,9805835,sp
1130,12431084,sp
1131,10102351,sp
1132,2599494,sp
1133,5284722,sp
1134,6730494,sp
1135,10323404,sp
1136,25211024,sp
1137,7052797,sp
1138,8745723,sp
1139,5688440,sp
1140,6316194,sp
1141,8870110,sp
1142,5925391,sp
1143,11533718,sp
1144,707465,sp
1145,24014482,sp
1146,9656960,sp
1147,5057602,sp
1148,9393776,sp
1149,7961223,sp
1150,4996283,sp
1151,7096899,sp
1152,1801678,sp
1153,7565592,sp
1154,6974533,sp
1155,3906572,sp
1156,6651596,sp
1157,8447119,sp
1158,7060784,sp
1159,12634692,sp
1160,11005400,sp
1161,8883427,sp
1162,7418249,sp
1163,23434819,sp
1164,10086018,sp
1165,8892823,sp
1166,8526617,sp
1167,24012956,sp
1168,8579182,sp
1169,11019861,sp
1170,9393647,sp
1171,6369680,sp
1172,8379799,sp
1173,9804621,sp
1174,8559434,sp
1175,12346545,sp
1176,6430776,sp
1177,12439621,sp
1178,25211408,sp
1179,8526963,sp
1180,12357661,sp
1181,8742066,sp
1182,8058853,sp
1183,3262264,sp
1184,2501071,sp
1185,1808291,sp
1186,2735220,sp
1187,5608468,sp
1188,5140080,sp
1189,6561523,sp
1190,7146130,sp
1191,6363626,sp
1192,8377752,sp
1193,12346711,sp
1194,1253954,sp
1195,25350923,sp
1196,8863219,sp
1197,13343583,sp
1198,7144060,sp
1199,8616770,sp
1200,11228790,sp
1201,2757112,sp
1202,4041493,sp
1203,148092,sp
1204,9664505,sp
1205,5016477,sp
1206,7967879,sp
1207,6601367,sp
1208,5426552,sp
1209,11832026,sp
1210,7755759,sp
1211,22825251,sp
1212,7151411,sp
1213,6490042,sp
1214,8203376,sp
1215,24989518,sp
1216,13165600,sp
1217,11541512,sp
1218,24825469,sp
1219,4372662,sp
1220,11023847,sp
1221,20640638,sp
1222,9509273,sp
1223,7016168,sp
1224,22264964,sp
1225,8476790,sp
1226,9300751,sp
1227,8588928,sp
1228,8181359,sp
1229,8885030,sp
1230,10841435,sp
1231,10456299,sp
1232,8435578,sp
1233,11334538,sp
1234,10015578,sp
1235,6008592,sp
1236,2901802,sp
1237,9006308,sp
1238,5793097,sp
1239,4807000,sp
1240,11031501,sp
1241,24994924,sp
1242,7900039,sp
1243,2699619,sp
1244,5907496,sp
1245,7964980,sp
1246,8599954,sp
1247,4671628,sp
1248,2669856,sp
1249,18625404,sp
1250,9455830,sp
1251,10722941,sp
1252,10080122,sp
1253,3884273,sp
1254,4202152,sp
1255,8352640,sp
1256,7317676,sp
1257,5657984,sp
1258,7481562,sp
1259,6771830,sp
1260,25502669,sp
1261,5759294,sp
1262,24989373,sp
1263,6554663,sp
1264,12117144,sp
1265,7487414,sp
1266,3825492,sp
1267,3184497,sp
1268,8174795,sp
1269,22997622,sp
1270,5512438,sp
1271,6727743,sp
1272,7630204,sp
1273,7981054,sp
1274,10449251,sp
1275,8879671,sp
1276,3435431,sp
1277,8477231,sp
1278,6991584,sp
1279,11595290,sp
1280,11620428,sp
1281,1788284,sp
1282,8744710,sp
1283,24994717,sp
1284,6137631,sp
1285,4594826,sp
1286,8032612,sp
1287,10497852,sp
1288,3729924,sp
1289,2828387,sp
1290,11859401,sp
1291,1821752,sp
1292,9627633,sp
1293,24642140,sp
1294,1217763,sp
1295,7488773,sp
1296,6770890,sp
1297,7451637,sp
1298,3529044,sp
1299,6968170,sp
1300,22645230,sp
1301,24198444,sp
1302,5150685,sp
1303,10607321,sp
1304,19610187,sp
1305,2702204,sp
1306,10176187,sp
1307,23253648,sp
1308,5050219,sp
1309,10467072,sp
1310,21658325,sp
1311,7305588,sp
1312,3816157,sp
1313,8416779,sp
1314,2666786,sp
1315,10077435,sp
1316,11019041,sp
1317,24988962,sp
1318,1195046,sp
1319,9668630,sp
1320,8897082,sp
1321,3555961,sp
1322,25212500,sp
1323,9380084,sp
1324,3007774,sp
1325,8566906,sp
1326,3863949,sp
1327,8531691,sp
1328,8110273,sp
1329,7022375,sp
1330,10915123,sp
1331,10117635,sp
1332,12105811,sp
1333,6701534,sp
1334,6838798,sp
1335,10476366,sp
1336,9279132,sp
1337,7199318,sp
1338,9645996,sp
1339,8609392,sp
1340,11786005,sp
1341,6748908,sp
1342,7923966,sp
1343,4840914,sp
1344,8149092,sp
1345,9006059,sp
1346,11854582,sp
1347,7833374,sp
1348,7388981,sp
1349,7322937,sp
1350,7202133,sp
1351,10084558,sp
1352,10594462,sp
1353,8004316,sp
1354,8887157,sp
1355,24991234,sp
1356,10594289,sp
1357,11651187,sp
1358,5356886,sp
1359,3469694,sp
1360,10117943,sp
1361,13641281,sp
1362,8458503,sp
1363,8417759,sp
1364,22556933,sp
1365,6607634,sp
1366,6083517,sp
1367,13523950,sp
1368,24197686,sp
1369,6968533,sp
1370,4072066,sp
1371,5798103,sp
1372,21212385,sp
1373,12003801,sp
1374,8674394,sp
1375,8761498,sp
1376,3863955,sp
1377,8667400,sp
1378,24988424,sp
1379,8438701,sp
1380,7034653,sp
1381,10103071,sp
1382,9163852,sp
1383,24989151,sp
1384,9076989,sp
1385,8263241,sp
1386,11786067,sp
1387,15459862,sp
1388,24013326,sp
1389,1563533,sp
1390,8883412,sp
1391,7978472,sp
1392,24436374,sp
1393,8100848,sp
1394,8795561,sp
1395,14811512,sp
1396,9494458,sp
1397,8448132,sp
1398,9284025,sp
1399,11106824,sp
1400,8472327,sp
1401,25212499,sp
1402,6668710,sp
1403,6415672,sp
1404,9669889,sp
1405,3386033,sp
1406,13360635,sp
1407,7437473,sp
1408,1503922,sp
1409,13444331,sp
1410,9465518,sp
1411,4129640,sp
1412,6383382,sp
1413,10352266,sp
1414,11851673,sp
1415,5037150,sp
1416,6319637,sp
1417,8394965,sp
1418,7025154,sp
1419,11831290,sp
1420,7013345,sp
1421,11986551,sp
1422,6922452,sp
1423,8380115,sp
1424,12104408,sp
1425,8350863,sp
1426,3510017,sp
1427,3059641,sp
1428,8584822,sp
1429,8819779,sp
1430,11344088,sp
1431,3510177,sp
1432,7236252,sp
1433,1335110,sp
1434,4985348,sp
1435,6479781,sp
1436,10670939,sp
1437,6257408,sp
1438,8055669,sp
1439,6295996,sp
1440,13092446,sp
1441,7986203,sp
1442,7009838,sp
1443,11608401,sp
1444,12372989,sp
1445,8302634,sp
1446,3089491,sp
1447,13435897,sp
1448,6659415,sp
1449,6616402,sp
1450,4696290,sp
1451,7937129,sp
1452,11660689,sp
1453,4284955,sp
1454,6940502,sp
1455,12644750,sp
1456,25210356,sp
1457,7049949,sp
1458,8007148,sp
1459,10919106,sp
1460,6425441,sp
1461,7164536,sp
1462,24994725,sp
1463,19676877,sp
1464,7208217,sp
1465,7842668,sp
1466,7533283,sp
1467,11261173,sp
1468,1525319,sp
1469,4976759,sp
1470,5145317,sp
1471,3332321,sp
1472,4031351,sp
1473,12820637,sp
1474,6457145,sp
1475,22998528,sp
1476,1334792,sp
1477,6128556,sp
1478,8807269,sp
1479,4106175,sp
1480,9947766,sp
1481,8463652,sp
1482,7781219,sp
1483,2106005,sp
1484,7183086,sp
1485,12368289,sp
1486,14041108,sp
1487,1840794,sp
1488,9647532,sp
1489,628171,sp
1490,12566699,sp
1491,12250343,sp
1492,5763554,sp
1493,8344034,sp
1494,4856073,sp
1495,1571601,sp
1496,8893329,sp
1497,5015283,sp
1498,24988932,sp
1499,5710576,sp
1500,9658205,sp
1501,12230083,sp
1502,10655351,sp
1503,5526390,sp
1504,24989344,sp
1505,7151949,sp
1506,11987614,sp
1507,8671524,sp
1508,24991275,sp
1509,6749392,sp
1510,19678315,sp
1511,13338481,sp
1512,5991540,sp
1513,12008974,sp
1514,3385429,sp
1515,3263499,sp
1516,11118262,sp
1517,10171072,sp
1518,11668249,sp
1519,8868678,sp
1520,5315254,sp
1521,11009471,sp
1522,8547639,sp
1523,8473598,sp
1524,4633610,sp
1525,595157,sp
1526,13259430,sp
1527,8448988,sp
1528,3583325,sp
1529,7200401,sp
1530,24782858,sp
1531,12214506,sp
1532,13068302,sp
1533,12427321,sp
1534,11846127,sp
1535,8778620,sp
1536,23720123,sp
1537,9091261,sp
1538,6350078,sp
1539,5279918,sp
1540,11779388,sp
1541,6905429,sp
1542,9464671,sp
1543,10608493,sp
1544,9406678,sp
1545,7756474,sp
1546,8318365,sp
1547,12429114,sp
1548,13617224,sp
1549,1686050,sp
1550,9387454,sp
1551,6985467,sp
1552,8566962,sp
1553,5225188,sp
1554,12380990,sp
1555,2842253,sp
1556,5240320,sp
1557,9635607,sp
1558,9670795,sp
1559,4606951,sp
1560,22997236,sp
1561,7240566,ru
1562,4588755,ru
1563,7192640,ru
1564,1656773,ru
1565,5401803,ru
1566,4109540,ru
1567,8738679,ru
1568,6918121,ru
1569,4661606,ru
1570,11909071,ru
1571,3302289,ru
1572,9484795,ru
1573,5781439,ru
1574,1084019,ru
1575,5054992,ru
1576,23884465,ru
1577,7682299,ru
1578,8535347,ru
1579,16756954,ru
1580,5922146,ru
1581,3941839,ru
1582,6819106,ru
1583,7970005,ru
1584,4778421,ru
1585,5616139,ru
1586,7459594,ru
1587,13907978,ru
1588,6547366,ru
1589,8740105,ru
1590,1293621,ru
1591,8312989,ru
1592,5870298,ru
1593,24094939,ru
1594,1810343,ru
1595,3317603,ru
1596,23877892,ru
1597,6939700,ru
1598,11355925,ru
1599,19094703,ru
1600,12579764,ru
1601,12107605,ru
1602,6562037,ru
1603,755999,ru
1604,8573808,ru
1605,5227158,ru
1606,5668477,ru
1607,4871507,ru
1608,6168786,ru
1609,8444758,ru
1610,8717553,ru
1611,7757872,ru
1612,1503681,ru
1613,3057454,ru
1614,8644930,ru
1615,6012487,ru
1616,8499513,ru
1617,898417,ru
1618,4323515,ru
1619,10601446,ru
1620,468130,ru
1621,4144680,ru
1622,6472153,ru
1623,6959224,ru
1624,5438835,ru
1625,6786333,ru
1626,8367135,ru
1627,3666580,ru
1628,8735464,ru
1629,8027379,ru
1630,13175570,ru
1631,8863711,ru
1632,3600564,ru
1633,804453,ru
1634,13334945,ru
1635,7018338,ru
1636,2948456,ru
1637,7051368,ru
1638,9297356,ru
1639,3012658,ru
1640,6850552,ru
1641,7739506,ru
1642,12213649,ru
1643,8904414,ru
1644,1254703,ru
1645,5708946,ru
1646,25401415,ru
1647,19246780,ru
1648,10447432,ru
1649,5975158,ru
1650,10648473,ru
1651,5727615,ru
1652,12810389,ru
1653,7896874,ru
1654,10917432,ru
1655,5296833,ru
1656,5316735,ru
1657,7009888,ru
1658,9501880,ru
1659,1540722,ru
1660,10316351,ru
1661,8658243,ru
1662,22680116,ru
1663,5534308,ru
1664,4622973,ru
1665,10091232,ru
1666,23413790,ru
1667,11341363,ru
1668,1265972,ru
1669,7092705,ru
1670,4937658,ru
1671,8808920,ru
1672,835696,ru
1673,8737144,ru
1674,8419934,ru
1675,4860669,ru
1676,9509273,ru
1677,3414911,ru
1678,3854713,ru
1679,1507906,ru
1680,1565948,ru
1681,1545199,ru
1682,8641261,ru
1683,15319153,ru
1684,5677950,ru
1685,5909362,ru
1686,1018354,ru
1687,6064469,ru
1688,5032475,ru
1689,8579321,ru
1690,11007332,ru
1691,6713830,ru
1692,14045641,ru
1693,3927398,ru
1694,8786899,ru
1695,4036425,ru
1696,5280808,ru
1697,12112155,ru
1698,13358410,ru
1699,1390190,ru
1700,2987886,ru
1701,3147765,ru
1702,1684391,ru
1703,9446107,ru
1704,7453347,ru
1705,16987582,ru
1706,3818728,ru
1707,9986090,ru
1708,9956174,ru
1709,6744684,ru
1710,8104593,ru
1711,6797751,ru
1712,19107889,ru
1713,8495543,ru
1714,6555217,ru
1715,8545777,ru
1716,8740883,ru
1717,23888912,ru
1718,12727117,ru
1719,10601224,ru
1720,8748289,ru
1721,4119769,ru
1722,9926551,ru
1723,8420672,ru
1724,6258157,ru
1725,4533208,ru
1726,8551340,ru
1727,6798351,ru
1728,897681,ru
1729,10829323,ru
1730,3419891,ru
1731,8195247,ru
1732,8295799,ru
1733,8777045,ru
1734,24819102,ru
1735,23884711,ru
1736,829021,ru
1737,9276931,ru
1738,22144473,ru
1739,3472033,ru
1740,23765705,ru
1741,3690206,ru
1742,1188023,ru
1743,7273611,ru
1744,7145785,ru
1745,2902602,ru
1746,6003902,ru
1747,6612110,ru
1748,3969281,ru
1749,6185228,ru
1750,1463869,ru
1751,8736485,ru
1752,10851230,ru
1753,13543187,ru
1754,552716,ru
1755,10088490,ru
1756,913791,ru
1757,6478410,ru
1758,11133053,ru
1759,1635892,ru
1760,8753147,ru
1761,6362371,ru
1762,20548138,ru
1763,7219744,ru
1764,4714171,ru
1765,2063836,ru
1766,6939032,ru
1767,6047874,ru
1768,22997985,ru
1769,1685775,ru
1770,3649532,ru
1771,8869065,ru
1772,9273302,ru
1773,8564453,ru
1774,846429,ru
1775,2705246,ru
1776,8020137,ru
1777,1098219,ru
1778,8054028,ru
1779,7367019,ru
1780,12370168,ru
1781,723036,ru
1782,3903842,ru
1783,5628260,ru
1784,9990559,ru
1785,5691214,ru
1786,8090523,ru
1787,8197024,ru
1788,3798863,ru
1789,10757187,ru
1790,7745860,ru
1791,21199506,ru
1792,11791629,ru
1793,6864589,ru
1794,939984,ru
1795,25399937,ru
1796,4552465,ru
1797,6693773,ru
1798,12433855,ru
1799,14228950,ru
1800,6572228,ru
1801,24780531,ru
1802,22999440,ru
1803,24933489,ru
1804,8895042,ru
1805,10087618,ru
1806,23879182,ru
1807,499227,ru
1808,5157559,ru
1809,7310954,ru
1810,7019414,ru
1811,13251889,ru
1812,1431981,ru
1813,7076913,ru
1814,5892559,ru
1815,2648029,ru
1816,6161592,ru
1817,6384780,ru
1818,8329801,ru
1819,10883316,ru
1820,1524373,ru
1821,10481477,ru
1822,1572259,ru
1823,6823291,ru
1824,4972701,ru
1825,9502175,ru
1826,7746025,ru
1827,10639209,ru
1828,1763663,ru
1829,11989505,ru
1830,6008592,ru
1831,4062253,ru
1832,11994148,ru
1833,9633993,ru
1834,10017531,ru
1835,6642010,ru
1836,5572872,ru
1837,17719440,ru
1838,9093480,ru
1839,4921345,ru
1840,2448008,ru
1841,24990823,ru
1842,10820930,ru
1843,1659033,ru
1844,6425527,ru
1845,5995209,ru
1846,795706,ru
1847,2857518,ru
1848,6696677,ru
1849,12630912,ru
1850,4428036,ru
1851,4113123,ru
1852,4634555,ru
1853,11606699,ru
1854,9100244,ru
1855,24996441,ru
1856,13085092,ru
1857,7327809,ru
1858,4621585,ru
1859,8749999,ru
1860,9160392,ru
1861,10448155,ru
1862,1257326,ru
1863,5914802,ru
1864,5709046,ru
1865,12652639,ru
1866,8905980,ru
1867,23137881,ru
1868,1749036,ru
1869,2834669,ru
1870,7539880,ru
1871,1462764,ru
1872,25071752,ru
1873,3333320,ru
1874,1121999,ru
1875,3857191,ru
1876,6870415,ru
1877,19720388,ru
1878,1541515,ru
1879,5629697,ru
1880,5811265,ru
1881,934703,ru
1882,7525061,ru
1883,9503105,ru
1884,7462090,ru
1885,5273058,ru
1886,2513521,ru
1887,5949871,ru
1888,4874253,ru
1889,15360577,ru
1890,6550249,ru
1891,5612454,ru
1892,8431898,ru
1893,3489589,ru
1894,1624790,ru
1895,4444750,ru
1896,7683429,ru
1897,24822162,ru
1898,5946431,ru
1899,6356364,ru
1900,6820987,ru
1901,7219862,ru
1902,7502186,ru
1903,24823190,ru
1904,8876299,ru
1905,3940906,ru
1906,4063259,ru
1907,19115513,ru
1908,25109767,ru
1909,17307235,ru
1910,7559643,ru
1911,6972557,ru
1912,1278956,ru
1913,11539659,ru
1914,2619886,ru
1915,23532893,ru
1916,3182940,ru
1917,4926347,ru
1918,2963629,ru
1919,2717978,ru
1920,9950795,ru
1921,18350135,ru
1922,6369570,ru
1923,661484,ru
1924,8882584,ru
1925,2694599,ru
1926,6749011,ru
1927,5823623,ru
1928,4246620,ru
1929,1710710,ru
1930,4903764,ru
1931,7002955,ru
1932,11345543,ru
1933,8749315,ru
1934,3012947,ru
1935,1155571,ru
1936,6238723,ru
1937,8022096,ru
1938,4800000,ru
1939,8552738,ru
1940,3458630,ru
1941,11382825,ru
1942,8835381,ru
1943,1448117,ru
1944,4418942,ru
1945,1854862,ru
1946,9453180,ru
1947,3266752,ru
1948,8572134,ru
1949,3525693,ru
1950,7495742,ru
1951,1937576,ru
1952,16113473,ru
1953,4517949,ru
1954,8197733,ru
1955,12421019,ru
1956,1268340,ru
1957,6949470,ru
1958,13942644,ru
1959,12708609,ru
1960,5384245,ru
1961,4310449,ru
1962,8815120,ru
1963,8436689,ru
1964,4468629,ru
1965,5488297,ru
1966,23878111,ru
1967,24090575,ru
1968,5782918,ru
1969,8062797,ru
1970,4882779,ru
1971,12637763,ru
1972,4795907,ru
1973,3621699,ru
1974,6336001,ru
1975,8870841,ru
1976,4374108,ru
1977,8640152,ru
1978,1346033,ru
1979,1800893,ru
1980,7051285,ru
1981,12820711,ru
1982,9821900,ru
1983,5392887,ru
1984,4337028,ru
1985,18618135,ru
1986,20668485,ru
1987,12388250,ru
1988,1892125,ru
1989,7992785,ru
1990,2940399,ru
1991,6813865,ru
1992,3757216,ru
1993,7023372,ru
1994,3572724,ru
1995,5713732,ru
1996,10909322,ru
1997,3570743,ru
1998,4499656,ru
1999,4219749,ru
2000,4850863,ru
2001,7652605,ru
2002,6719249,ru
2003,17646047,ru
2004,8821362,ru
2005,2404952,ru
2006,24822478,ru
2007,1274336,ru
2008,7385417,ru
2009,10611955,ru
2010,1765153,ru
2011,9085697,ru
2012,968031,ru
2013,11031684,ru
2014,5826415,ru
2015,5631666,ru
2016,3921065,ru
2017,13187156,ru
2018,8330040,ru
2019,7774638,ru
2020,8856230,ru
2021,7211549,ru
2022,4381965,ru
2023,1381343,ru
2024,8872004,ru
2025,20025699,ru
2026,21557431,ru
2027,7640139,ru
2028,2687987,ru
2029,10720782,ru
2030,5340769,ru
2031,6676363,ru
2032,1551072,ru
2033,5184381,ru
2034,5047573,ru
2035,7380707,ru
2036,9951310,ru
2037,12456297,ru
2038,1181638,ru
2039,1499908,ru
2040,495479,ru
2041,3652537,ru
2042,3247678,ru
2043,16200196,ru
2044,6588832,ru
2045,4162801,ru
2046,6790470,ru
2047,9271231,ru
2048,4295508,ru
2049,5890116,ru
2050,8436904,ru
2051,9517334,ru
2052,8414729,ru
2053,1105812,ru
2054,9437337,ru
2055,6670475,ru
2056,1784303,ru
2057,495195,ru
2058,6158182,ru
2059,5182418,ru
2060,3510838,ru
2061,8364513,ru
2062,11799904,ru
2063,7456563,ru
2064,3780044,ru
2065,1321292,ru
2066,123430,ru
2067,10491582,ru
2068,6039106,ru
2069,22998127,ru
2070,5528356,ru
2071,3012731,ru
2072,4441941,ru
2073,10000273,ru
2074,13359578,ru
2075,8446926,ru
2076,7139473,ru
2077,10893558,ru
2078,2793832,ru
2079,8875491,ru
2080,7470620,ru
2081,3427516,ru
2082,10650527,ru
2083,4255114,ru
2084,24086056,ru
2085,23015390,ru
2086,5560463,ru
2087,7729972,ru
2088,7082399,ru
2089,11904826,ru
2090,937191,ru
2091,3390211,ru
2092,22998158,ru
2093,16048240,ru
2094,5353503,ru
2095,6595832,ru
2096,792236,ru
2097,7524658,ru
2098,4203543,ru
2099,3145042,ru
2100,7226267,ru
2101,8767985,ru
2102,4425143,ru
2103,10918092,ru
2104,2987326,ru
2105,4060232,ru
2106,9800161,ru
2107,24094847,ru
2108,24082419,ru
2109,5619017,ru
2110,12655358,ru
2111,23756957,ru
2112,8658660,ru
2113,7187785,ru
2114,8518795,ru
2115,3258392,ru
2116,7591720,ru
2117,11254258,ru
2118,7958365,ru
2119,5605266,ru
2120,10176442,ru
2121,3768686,ru
2122,12388151,ru
2123,6876703,ru
2124,8759713,ru
2125,6995344,ru
2126,7444154,ru
2127,2583382,ru
2128,12563176,ru
2129,10096820,ru
2130,7795495,ru
2131,6952807,ru
2132,5907949,ru
2133,11667753,ru
2134,6484858,ru
2135,9660698,ru
2136,6039229,ru
2137,8633662,ru
2138,5613432,ru
2139,6199154,ru
2140,11347698,ru
2141,2483137,ru
2142,7515203,ru
2143,7846900,ru
2144,11666718,ru
2145,2607033,ru
2146,5928441,ru
2147,7428650,ru
2148,5448430,ru
2149,6329316,ru
2150,25112636,ru
2151,4673650,ru
2152,23813960,ru
2153,8646768,ru
2154,24792882,ru
2155,4824952,ru
2156,6816391,ru
2157,8360892,ru
2158,2942246,ru
2159,11013994,ru
2160,10619391,ru
2161,6140960,ru
2162,5951879,ru
2163,10491380,ru
2164,8490781,ru
2165,4178797,ru
2166,5032207,ru
2167,4997434,ru
2168,22949176,ru
2169,6842672,ru
2170,4465743,ru
2171,8794797,ru
2172,7376531,ru
2173,8056240,ru
2174,2513260,ru
2175,1863794,ru
2176,7217370,ru
2177,4697221,ru
2178,3588556,ru
2179,22996455,ru
2180,7532249,ru
2181,4058385,ru
2182,9183043,ru
2183,8768285,ru
2184,23001241,ru
2185,1283056,ru
2186,4893541,ru
2187,6203656,ru
2188,4020182,ru
2189,12445045,jpn
2190,6238606,jpn
2191,682108,jpn
2192,9441875,jpn
2193,10645788,jpn
2194,5825720,jpn
2195,5800129,jpn
2196,8739196,jpn
2197,13089813,jpn
2198,11364571,jpn
2199,13196881,jpn
2200,7068012,jpn
2201,7475661,jpn
2202,4940131,jpn
2203,19201622,jpn
2204,23823996,jpn
2205,7479641,jpn
2206,5372679,jpn
2207,10893563,jpn
2208,9286646,jpn
2209,9439739,jpn
2210,8656919,jpn
2211,11611047,jpn
2212,7856575,jpn
2213,8274869,jpn
2214,11903908,jpn
2215,3510046,jpn
2216,11002094,jpn
2217,24082845,jpn
2218,11608957,jpn
2219,7200262,jpn
2220,8631583,jpn
2221,11125415,jpn
2222,10920470,jpn
2223,8715560,jpn
2224,10745386,jpn
2225,11382881,jpn
2226,5478561,jpn
2227,13642795,jpn
2228,8385568,jpn
2229,8629137,jpn
2230,7482422,jpn
2231,8361930,jpn
2232,25094628,jpn
2233,7196099,jpn
2234,9451946,jpn
2235,6148085,jpn
2236,7611351,jpn
2237,19682556,jpn
2238,8816678,jpn
2239,23899411,jpn
2240,3032629,jpn
2241,8698719,jpn
2242,7555176,jpn
2243,7227252,jpn
2244,25107870,jpn
2245,23776738,jpn
2246,736583,jpn
2247,6911131,jpn
2248,8148743,jpn
2249,19997828,jpn
2250,6604962,jpn
2251,4945826,jpn
2252,3232947,jpn
2253,7996692,jpn
2254,5662737,jpn
2255,8841201,jpn
2256,25095139,jpn
2257,4481308,jpn
2258,4889024,jpn
2259,17745437,jpn
2260,25402430,jpn
2261,22881488,jpn
2262,10350428,jpn
2263,8356595,jpn
2264,12453649,jpn
2265,11918784,jpn
2266,8276614,jpn
2267,16035550,jpn
2268,7447606,jpn
2269,5945683,jpn
2270,11338024,jpn
2271,9084264,jpn
2272,8216856,jpn
2273,5537170,jpn
2274,19682610,jpn
2275,8664435,jpn
2276,6077656,jpn
2277,13239880,jpn
2278,7040882,jpn
2279,11922718,jpn
2280,8215219,jpn
2281,23129754,jpn
2282,11352309,jpn
2283,2761085,jpn
2284,8139807,jpn
2285,7346667,jpn
2286,25400942,jpn
2287,3404184,jpn
2288,9383855,jpn
2289,24822669,jpn
2290,23877293,jpn
2291,9467038,jpn
2292,14565554,jpn
2293,10749182,jpn
2294,8735655,jpn
2295,15743246,jpn
2296,5686130,jpn
2297,2757272,jpn
2298,11232773,jpn
2299,12098565,jpn
2300,19100544,jpn
2301,11012276,jpn
2302,3166524,jpn
2303,25405121,jpn
2304,6576977,jpn
2305,916033,jpn
2306,19096008,jpn
2307,23880474,jpn
2308,5261977,jpn
2309,7208364,jpn
2310,3716656,jpn
2311,9304293,jpn
2312,25401926,jpn
2313,17629420,jpn
2314,25287552,jpn
2315,12098949,jpn
2316,11382814,jpn
2317,15094166,jpn
2318,3410699,jpn
2319,12963723,jpn
2320,7163137,jpn
2321,10901233,jpn
2322,3865845,jpn
2323,1265972,jpn
2324,10661715,jpn
2325,24341503,jpn
2326,11527459,jpn
2327,8558493,jpn
2328,12112177,jpn
2329,7902239,jpn
2330,4012000,jpn
2331,23005098,jpn
2332,12706867,jpn
2333,14544053,jpn
2334,19703808,jpn
2335,12363497,jpn
2336,4888479,jpn
2337,7174245,jpn
2338,15462335,jpn
2339,9383857,jpn
2340,7519311,jpn
2341,8469898,jpn
2342,7055473,jpn
2343,5807568,jpn
2344,6683951,jpn
2345,25398820,jpn
2346,8442002,jpn
2347,8373428,jpn
2348,12226392,jpn
2349,13350066,jpn
2350,12250219,jpn
2351,15207027,jpn
2352,3691125,jpn
2353,3087698,jpn
2354,9095912,jpn
2355,8813164,jpn
2356,4468680,jpn
2357,4660644,jpn
2358,5925706,jpn
2359,22825231,jpn
2360,2456124,jpn
2361,1395730,jpn
2362,4719332,jpn
2363,5647401,jpn
2364,4026949,jpn
2365,23062169,jpn
2366,8514760,jpn
2367,23004922,jpn
2368,10582252,jpn
2369,10761315,jpn
2370,12947687,jpn
2371,3703377,jpn
2372,3186192,jpn
2373,7117306,jpn
2374,11362712,jpn
2375,23003542,jpn
2376,10192817,jpn
2377,11016989,jpn
2378,10501362,jpn
2379,8865701,jpn
2380,7434557,jpn
2381,9013823,jpn
2382,11120423,jpn
2383,25107830,jpn
2384,11843669,jpn
2385,9004903,jpn
2386,11128125,jpn
2387,7248669,jpn
2388,6828104,jpn
2389,9397810,jpn
2390,7127156,jpn
2391,5500592,jpn
2392,24034636,jpn
2393,4525733,jpn
2394,8717244,jpn
2395,3950278,jpn
2396,25403940,jpn
2397,7595878,jpn
2398,8559549,jpn
2399,19021685,jpn
2400,7384070,jpn
2401,8735879,jpn
2402,8878596,jpn
2403,805492,jpn
2404,8611539,jpn
2405,9163524,jpn
2406,11668600,jpn
2407,13629550,jpn
2408,22566296,jpn
2409,477566,jpn
2410,9982467,jpn
2411,7544631,jpn
2412,13441603,jpn
2413,10824188,jpn
2414,8895021,jpn
2415,6666241,jpn
2416,23006318,jpn
2417,10096248,jpn
2418,8462595,jpn
2419,9175855,jpn
2420,5700326,jpn
2421,11664448,jpn
2422,12588091,jpn
2423,3363646,jpn
2424,11258508,jpn
2425,9809643,jpn
2426,7168689,jpn
2427,1650402,jpn
2428,25375654,jpn
2429,13441477,jpn
2430,7683845,jpn
2431,8602210,jpn
2432,8893818,jpn
2433,8367297,jpn
2434,2957875,jpn
2435,2920589,jpn
2436,3673167,jpn
2437,20216334,jpn
2438,10844135,jpn
2439,7685966,jpn
2440,7511376,jpn
2441,25399311,jpn
2442,12425361,jpn
2443,6426784,jpn
2444,9106756,jpn
2445,11360072,jpn
2446,3397881,jpn
2447,6340545,jpn
2448,10619286,jpn
2449,9088726,jpn
2450,4286433,jpn
2451,5482054,jpn
2452,7280442,jpn
2453,9094177,jpn
2454,9295595,jpn
2455,10680782,jpn
2456,23823987,jpn
2457,14812680,jpn
2458,10880945,jpn
2459,7031854,jpn
2460,6295051,jpn
2461,12218238,jpn
2462,8024923,jpn
2463,10622269,jpn
2464,1601733,jpn
2465,7213073,jpn
2466,16785524,jpn
2467,11337805,jpn
2468,7693673,jpn
2469,7073779,jpn
2470,3159039,jpn
2471,1660183,jpn
2472,16048901,jpn
2473,4474974,jpn
2474,7218817,jpn
2475,8512356,jpn
2476,13233060,jpn
2477,21742678,jpn
2478,6682208,jpn
2479,11984791,jpn
2480,8365492,jpn
2481,22998845,jpn
2482,4495557,jpn
2483,9634983,jpn
2484,12941245,jpn
2485,8500852,jpn
2486,3517442,jpn
2487,13177853,jpn
2488,7368574,jpn
2489,24822903,jpn
2490,1512353,jpn
2491,8867486,jpn
2492,3635478,jpn
2493,7487283,jpn
2494,8384776,jpn
2495,3319714,jpn
2496,7435224,jpn
2497,8167449,jpn
2498,8720519,jpn
2499,12449522,jpn
2500,8115424,jpn
2501,11260259,jpn
2502,7806455,jpn
2503,3110388,jpn
2504,13624304,jpn
2505,3888752,jpn
2506,8020632,jpn
2507,12110636,jpn
2508,738970,jpn
2509,2421527,jpn
2510,23823113,jpn
2511,24081168,jpn
2512,8106482,jpn
2513,6267261,jpn
2514,12424515,jpn
2515,10826167,jpn
2516,3243745,jpn
2517,6188322,jpn
2518,2684104,jpn
2519,7651912,jpn
2520,21025897,jpn
2521,9182037,jpn
2522,6930576,jpn
2523,5787310,jpn
2524,8415144,jpn
2525,7800560,jpn
2526,13354261,jpn
2527,17186942,jpn
2528,5814162,jpn
2529,25405389,jpn
2530,13190122,jpn
2531,8096586,jpn
2532,12580045,jpn
2533,7685447,jpn
2534,6185061,jpn
2535,8275611,jpn
2536,8121653,jpn
2537,9196188,jpn
2538,4808397,jpn
2539,1664919,jpn
2540,12718384,jpn
2541,2940427,jpn
2542,8145037,jpn
2543,4240987,jpn
2544,24647106,jpn
2545,12729219,jpn
2546,12123166,jpn
2547,8723006,jpn
2548,8720233,jpn
2549,8164722,jpn
2550,25398768,jpn
2551,12240366,jpn
2552,20669405,jpn
2553,12959572,jpn
2554,13536709,jpn
2555,24005596,jpn
2556,8648339,jpn
2557,8730675,jpn
2558,25399358,jpn
2559,7351930,jpn
2560,8464973,jpn
2561,6916594,jpn
2562,1234543,jpn
2563,12099954,jpn
2564,11362117,jpn
2565,23881296,jpn
2566,18324791,jpn
2567,1469434,jpn
2568,7283735,jpn
2569,19675034,jpn
2570,8447350,jpn
2571,11331041,jpn
2572,8286808,jpn
2573,23420656,jpn
2574,9290128,jpn
2575,8803365,jpn
2576,6993914,jpn
2577,19120901,jpn
2578,5913624,jpn
2579,11337595,jpn
2580,6778964,jpn
2581,7779010,jpn
2582,7110817,jpn
2583,8374096,jpn
2584,4702394,jpn
2585,13774923,jpn
2586,9772634,jpn
2587,8585304,jpn
2588,11855459,jpn
2589,5338160,jpn
2590,24819075,jpn
2591,8513332,jpn
2592,7303586,jpn
2593,23877917,jpn
2594,12363547,jpn
2595,4062253,jpn
2596,10594576,jpn
2597,9457683,jpn
2598,7267024,jpn
2599,8018704,jpn
2600,23546980,jpn
2601,8377217,jpn
2602,10499690,jpn
2603,12577673,jpn
2604,8509283,jpn
2605,7038030,jpn
2606,6378375,jpn
2607,12824645,jpn
2608,4144918,jpn
2609,11987916,jpn
2610,7828552,jpn
2611,11011253,jpn
2612,5102004,jpn
2613,3288925,jpn
2614,8283143,jpn
2615,5786771,jpn
2616,7680438,jpn
2617,20646750,jpn
2618,12585700,jpn
2619,5150827,jpn
2620,25404478,jpn
2621,25402660,jpn
2622,728594,jpn
2623,11339403,jpn
2624,4928483,jpn
2625,8707823,jpn
2626,10896797,jpn
2627,23202777,jpn
2628,5932064,jpn
2629,4641511,jpn
2630,6782988,jpn
2631,23880684,jpn
2632,25402212,jpn
2633,9013520,jpn
2634,10468483,jpn
2635,3874266,jpn
2636,9191290,jpn
2637,19683345,jpn
2638,8681120,jpn
2639,9795267,jpn
2640,9654564,jpn
2641,1415071,jpn
2642,6709151,jpn
2643,8526004,jpn
2644,3555693,jpn
2645,8126901,jpn
2646,23198586,jpn
2647,1805438,jpn
2648,8373577,jpn
2649,23008866,jpn
2650,13254792,jpn
2651,8171110,jpn
2652,8322756,jpn
2653,8778757,jpn
2654,25399599,jpn
2655,4514234,jpn
2656,9509425,jpn
2657,5570280,jpn
2658,7660729,jpn
2659,10459467,jpn
2660,8902733,jpn
2661,8228406,jpn
2662,10126460,jpn
2663,7224308,jpn
2664,8724147,jpn
2665,3106057,jpn
2666,1247756,jpn
2667,8725361,jpn
2668,8738662,jpn
2669,4003072,jpn
2670,10740192,jpn
2671,7741833,jpn
2672,8902315,jpn
2673,23003945,jpn
2674,11910648,jpn
2675,19681295,jpn
2676,10910551,jpn
2677,10446303,jpn
2678,23822825,jpn
2679,10614578,jpn
2680,25085386,jpn
2681,8686830,jpn
2682,7242753,jpn
2683,9451959,jpn
2684,8369902,jpn
2685,10326123,jpn
2686,8751474,jpn
2687,10122113,jpn
2688,8640743,jpn
2689,12711705,jpn
2690,8577841,jpn
2691,12213149,jpn
2692,4000832,jpn
2693,8181529,jpn
2694,8809617,jpn
2695,23878114,jpn
2696,4310449,jpn
2697,24820405,jpn
2698,22997600,jpn
2699,24822181,jpn
2700,6248187,jpn
2701,8006002,jpn
2702,913791,jpn
2703,8369623,jpn
2704,1001781,jpn
2705,6220368,jpn
2706,11781910,jpn
2707,11852158,jpn
2708,8685700,jpn
2709,11654138,jpn
2710,10507907,jpn
2711,5880062,jpn
2712,7832921,jpn
2713,8706789,jpn
2714,8817382,jpn
2715,8000766,jpn
2716,11920358,jpn
2717,8661315,jpn
2718,8529382,jpn
2719,15405372,jpn
2720,8906802,jpn
2721,20320618,jpn
2722,13076801,jpn
2723,13360787,jpn
2724,23880182,jpn
2725,1698850,jpn
2726,8747224,jpn
2727,12011713,jpn
2728,21306433,jpn
2729,6666386,jpn
2730,3677456,jpn
2731,11925412,jpn
2732,16391306,jpn
2733,8390503,jpn
2734,6091231,jpn
2735,4732907,jpn
2736,17359218,jpn
2737,24258046,jpn
2738,25364608,jpn
2739,24012902,jpn
2740,2643069,jpn
2741,7071876,jpn
2742,25095254,jpn
2743,20791665,jpn
2744,3227756,jpn
2745,3669385,jpn
2746,11855927,jpn
2747,10652782,jpn
2748,12569399,jpn
2749,11133835,jpn
2750,12356388,jpn
2751,3271079,jpn
2752,8734276,jpn
2753,8281295,jpn
2754,8810554,jpn
2755,24819283,jpn
2756,8726852,jpn
2757,25375629,jpn
2758,5372730,jpn
2759,4001682,jpn
2760,2633383,jpn
2761,14887023,jpn
2762,9187830,jpn
2763,7496423,jpn
2764,24818992,jpn
2765,12556132,jpn
2766,7407377,jpn
2767,221341,jpn
2768,6988573,jpn
2769,8782906,jpn
2770,9299998,jpn
2771,23823429,jpn
2772,9433528,jpn
2773,25125545,jpn
2774,5413301,jpn
2775,3920937,jpn
2776,22565196,jpn
2777,6332417,jpn
2778,5688688,jpn
2779,6144598,jpn
2780,3955410,jpn
2781,8502734,jpn
2782,6895648,jpn
2783,5711872,jpn
2784,5467830,jpn
2785,8828249,jpn
2786,12640329,jpn
2787,6306804,jpn
2788,9654015,jpn
2789,4001363,jpn
2790,6830271,jpn
2791,3108292,jpn
2792,10756795,jpn
2793,7764610,jpn
2794,538395,jpn
2795,11784183,jpn
2796,5170563,jpn
2797,12643632,jpn
2798,11521318,jpn
2799,17902388,jpn
2800,7416902,jpn
2801,25399131,jpn
2802,3773457,jpn
2803,1502002,jpn
2804,8125529,jpn
2805,7763529,jpn
2806,23004485,jpn
2807,5210825,jpn
2808,8552917,jpn
2809,8756299,jpn
2810,25109255,jpn
2811,14383430,jpn
2812,6130127,jpn
2813,11120141,jpn
2814,9088994,jpn
2815,101916,jpn
2816,9300050,jpn
2817,24034824,jpn
2818,13906708,jpn
2819,23878438,jpn
2820,8857857,jpn
2821,7600692,jpn
2822,13163828,jpn
2823,9784080,jpn
2824,14045641,jpn
2825,24702039,jpn
2826,3285392,jpn
2827,1890869,jpn
2828,24084826,jpn
2829,8739286,jpn
2830,14165244,jpn
2831,11119122,jpn
2832,11260959,jpn
2833,13233954,jpn
2834,8578698,jpn
2835,7816353,jpn
2836,1767246,jpn
2837,8603189,jpn
2838,8507999,jpn
2839,22996000,jpn
2840,2793473,jpn
2841,22996599,jpn
2842,23700913,jpn
2843,8885668,jpn
2844,22223382,jpn
2845,7215836,jpn
2846,7112070,jpn
2847,25111371,jpn
2848,25127586,jpn
2849,3286072,jpn
2850,3921972,jpn
2851,8493931,jpn
2852,8897662,jpn
2853,9082787,jpn
2854,6672409,jpn
2855,2946702,jpn
2856,7652834,jpn
2857,8615225,jpn
2858,12645386,jpn
2859,24690920,jpn
2860,7741982,jpn
2861,12254904,jpn
2862,7302893,jpn
2863,8805419,jpn
2864,11916709,jpn
2865,6090422,jpn
2866,9403106,jpn
2867,23823189,jpn
2868,6823291,jpn
2869,24082040,jpn
2870,8001802,jpn
2871,25108097,jpn
2872,8100737,jpn
2873,7917031,jpn
2874,25372243,jpn
2875,13424326,jpn
2876,10917441,jpn
2877,22359376,jpn
2878,20449939,jpn
2879,5721876,jpn
2880,9464781,jpn
2881,24821680,jpn
2882,9629873,jpn
2883,6053969,jpn
2884,7661858,jpn
2885,23000781,jpn
2886,8563914,jpn
2887,591602,jpn
2888,12249560,jpn
2889,3347404,jpn
2890,13254509,jpn
2891,8686091,jpn
2892,5212570,jpn
2893,4572492,jpn
2894,8244320,jpn
2895,25110854,jpn
2896,13183107,jpn
2897,9159059,jpn
2898,12249817,jpn
2899,8753811,jpn
2900,5691734,jpn
2901,19091907,jpn
2902,8890281,jpn
2903,3235289,jpn
2904,7520445,jpn
2905,5685761,jpn
2906,8130098,jpn
2907,9282219,jpn
2908,6750374,jpn
2909,3236369,jpn
2910,1858535,jpn
2911,10483880,jpn
2912,23877064,jpn
2913,7949974,jpn
2914,8192367,jpn
2915,7519525,jpn
2916,8794752,jpn
2917,7013628,jpn
2918,11799711,jpn
2919,10326741,jpn
2920,2527117,jpn
2921,8170205,jpn
2922,12005594,jpn
2923,23004884,jpn
2924,4110423,jpn
2925,25401621,jpn
2926,4481026,jpn
2927,8639791,jpn
2928,25109129,jpn
2929,12579403,jpn
2930,11618321,jpn
2931,9275324,jpn
2932,25292967,jpn
2933,12375829,jpn
2934,6930155,jpn
2935,23907774,jpn
2936,6162749,jpn
2937,9376121,jpn
2938,6889429,jpn
2939,13440308,jpn
2940,7047063,jpn
2941,5117282,jpn
2942,12359731,jpn
2943,5076315,jpn
2944,13530201,jpn
2945,13444227,jpn
2946,22404486,jpn
2947,4094508,jpn
2948,600986,jpn
2949,2920485,jpn
2950,4667929,jpn
2951,9943607,jpn
2952,2970729,jpn
2953,6347484,jpn
2954,7055321,jpn
2955,12552914,jpn
2956,7354205,jpn
2957,11382846,jpn
2958,11799769,jpn
2959,9166279,jpn
2960,3216579,jpn
2961,3408560,jpn
2962,4643964,jpn
2963,6701138,jpn
2964,5757313,jpn
2965,8770565,jpn
2966,22996171,jpn
2967,8611809,jpn
2968,6008351,jpn
2969,7219065,jpn
2970,23007908,jpn
2971,13188879,jpn
2972,10615974,it
2973,9655592,it
2974,7048114,it
2975,8443567,it
2976,10085166,it
2977,13194606,it
2978,2421527,it
2979,7886896,it
2980,5341713,it
2981,9291790,it
2982,22999988,it
2983,829021,it
2984,8763408,it
2985,8720922,it
2986,1618981,it
2987,7136469,it
2988,8889612,it
2989,939454,it
2990,9075979,it
2991,8382508,it
2992,10742090,it
2993,3683379,it
2994,4540848,it
2995,4031248,it
2996,8756535,it
2997,3714176,it
2998,8738010,it
2999,9292681,it
3000,11612568,it
3001,905873,it
3002,3822662,it
3003,7259417,it
3004,6180349,it
3005,19480085,it
3006,5682640,it
3007,8743966,it
3008,3401624,it
3009,6569056,it
3010,11664290,it
3011,7150612,it
3012,4135299,it
3013,3186398,it
3014,9660722,it
3015,23006417,it
3016,7170313,it
3017,12630510,it
3018,6350078,it
3019,3324883,it
3020,9287400,it
3021,9073983,it
3022,7187785,it
3023,9108457,it
3024,19599559,it
3025,1666231,it
3026,9655224,it
3027,5042130,it
3028,7092287,it
3029,11105520,it
3030,2403093,it
3031,3399345,it
3032,7918056,it
3033,8461775,it
3034,3877950,it
3035,8505831,it
3036,7034653,it
3037,23552700,it
3038,7072536,it
3039,10193154,it
3040,8685718,it
3041,3715063,it
3042,9924353,it
3043,9017637,it
3044,8207880,it
3045,1677218,it
3046,3325388,it
3047,8855526,it
3048,6889170,it
3049,8225715,it
3050,6707204,it
3051,929391,it
3052,1448117,it
3053,8654888,it
3054,3157012,it
3055,6043307,it
3056,4887306,it
3057,6281710,it
3058,11922080,it
3059,7211442,it
3060,2414611,it
3061,7750284,it
3062,8590005,it
3063,10198755,it
3064,1552094,it
3065,5004911,it
3066,4054694,it
3067,6294592,it
3068,8533026,it
3069,1060643,it
3070,6972865,it
3071,9917254,it
3072,22644277,it
3073,6679324,it
3074,11606881,it
3075,5658421,it
3076,7691828,it
3077,6176858,it
3078,12372885,it
3079,8184197,it
3080,8632510,it
3081,5858503,it
3082,8139489,it
3083,11524159,it
3084,7303586,it
3085,8723041,it
3086,25267612,it
3087,8760466,it
3088,23198204,it
3089,7522096,it
3090,3934460,it
3091,5980561,it
3092,11669283,it
3093,3677246,it
3094,7765998,it
3095,4968423,it
3096,7699152,it
3097,5255577,it
3098,4184450,it
3099,6316113,it
3100,7047647,it
3101,13081150,it
3102,8152609,it
3103,4813125,it
3104,7086620,it
3105,9778385,it
3106,5094161,it
3107,9935803,it
3108,5887656,it
3109,8721584,it
3110,4178084,it
3111,8735926,it
3112,12715227,it
3113,7008943,it
3114,6008525,it
3115,7415025,it
3116,8142552,it
3117,4312308,it
3118,3893737,it
3119,5653037,it
3120,18243594,it
3121,3132639,it
3122,10650527,it
3123,7325159,it
3124,4929986,it
3125,4105014,it
3126,21010562,it
3127,6187896,it
3128,7510077,it
3129,8093242,it
3130,5416645,it
3131,1217972,it
3132,9459111,it
3133,8763488,it
3134,7849629,it
3135,5549238,it
3136,5678362,it
3137,5914989,it
3138,1608563,it
3139,24535358,it
3140,7187733,it
3141,2919066,it
3142,6332980,it
3143,23431759,it
3144,7140625,it
3145,7391195,it
3146,9438451,it
3147,1179674,it
3148,11107085,it
3149,11667212,it
3150,5640200,it
3151,5873862,it
3152,6959224,it
3153,6654906,it
3154,4348738,it
3155,2896020,it
3156,23239416,it
3157,6272537,it
3158,2685391,it
3159,6204869,it
3160,12010200,it
3161,6981704,it
3162,8753533,it
3163,2868398,it
3164,6185902,it
3165,6694347,it
3166,13184425,it
3167,8414238,it
3168,5447402,it
3169,1689306,it
3170,2412143,it
3171,6000316,it
3172,4246620,it
3173,4288732,it
3174,8806607,it
3175,10349641,it
3176,8879841,it
3177,3876732,it
3178,8212934,it
3179,25093415,it
3180,10584083,it
3181,8638098,it
3182,6521493,it
3183,4422375,it
3184,9640558,it
3185,11615326,it
3186,6392742,it
3187,24860778,it
3188,7546466,it
3189,10014835,it
3190,8113131,it
3191,502096,it
3192,25079628,it
3193,6286894,it
3194,4063259,it
3195,9437997,it
3196,6690976,it
3197,3283435,it
3198,8750160,it
3199,10752924,it
3200,12364198,it
3201,10731067,it
3202,7708345,it
3203,4959440,it
3204,8248191,it
3205,1696698,it
3206,25265438,it
3207,8859027,it
3208,8315156,it
3209,7023580,it
3210,1391707,it
3211,8503459,it
3212,13064706,it
3213,8013684,it
3214,24004661,it
3215,10601224,it
3216,1311228,it
3217,22254430,it
3218,6075026,it
3219,8823086,it
3220,7371281,it
3221,6511159,it
3222,2513260,it
3223,10597244,it
3224,8721008,it
3225,10741592,it
3226,12120174,it
3227,8800465,it
3228,2948778,it
3229,3318668,it
3230,1763095,it
3231,3217826,it
3232,3132050,it
3233,4931932,it
3234,6265731,it
3235,9633051,it
3236,6276712,it
3237,7242201,it
3238,23907744,it
3239,7146130,it
3240,9193127,it
3241,11345443,it
3242,5483755,it
3243,9519431,it
3244,1253413,it
3245,16579300,it
3246,24549632,it
3247,13183648,it
3248,18828271,it
3249,12129000,it
3250,8789230,it
3251,3405495,it
3252,5915101,it
3253,7482932,it
3254,8095633,it
3255,4848764,it
3256,8730233,it
3257,13165359,it
3258,8222757,it
3259,10104803,it
3260,3130094,it
3261,5954480,it
3262,7000789,it
3263,9507509,it
3264,7498464,it
3265,6640923,it
3266,4904016,it
3267,1181659,it
3268,4176113,it
3269,4131159,it
3270,7624671,it
3271,2483137,it
3272,1634604,it
3273,7005855,it
3274,8195749,it
3275,9921538,it
3276,6776250,it
3277,8138753,it
3278,795706,it
3279,24837957,it
3280,7202194,it
3281,5065722,it
3282,5296515,it
3283,4444861,it
3284,7696199,it
3285,3639709,it
3286,7722939,it
3287,8761336,it
3288,6648430,it
3289,13059397,it
3290,7907390,it
3291,2867718,it
3292,3337234,it
3293,8506724,it
3294,3846440,it
3295,10307550,it
3296,4003804,it
3297,1208054,it
3298,6963045,it
3299,10500116,it
3300,18336270,it
3301,8777203,it
3302,23780602,it
3303,12357438,it
3304,6229153,it
3305,24844824,it
3306,4654838,it
3307,14979309,it
3308,7210049,it
3309,8763562,it
3310,2553284,it
3311,6616698,it
3312,4565496,it
3313,20903535,it
3314,10903416,it
3315,10184286,it
3316,3129826,it
3317,24006967,it
3318,8780107,it
3319,6601367,it
3320,8352274,it
3321,6283000,it
3322,23207285,it
3323,8658223,it
3324,8444952,it
3325,8585546,it
3326,7246890,it
3327,10322335,it
3328,7959399,it
3329,8156801,it
3330,7118613,it
3331,8495557,it
3332,4239005,it
3333,9795230,it
3334,8729701,it
3335,8598131,it
3336,8767985,it
3337,1837438,it
3338,11660974,it
3339,4523357,it
3340,12799805,it
3341,20705700,it
3342,14578013,it
3343,12633717,it
3344,6147950,it
3345,945406,it
3346,12636210,it
3347,9074971,it
3348,552716,it
3349,7259934,it
3350,8721172,it
3351,6789272,it
3352,3270259,it
3353,8412796,it
3354,6652635,it
3355,3892868,it
3356,3563299,it
3357,9776110,it
3358,3172266,it
3359,6270822,it
3360,5616645,it
3361,8639713,it
3362,5947287,it
3363,4114757,it
3364,11387427,it
3365,24786854,it
3366,3284311,it
3367,7204828,it
3368,1591608,it
3369,4441853,it
3370,4641511,it
3371,3392876,it
3372,6650253,it
3373,5056944,it
3374,12802386,it
3375,8098859,it
3376,24007577,it
3377,2411978,it
3378,23000121,it
3379,11228221,it
3380,2107581,it
3381,12952797,it
3382,4711998,it
3383,3201237,it
3384,9997175,it
3385,6116615,it
3386,7048886,it
3387,7311868,it
3388,8744173,it
3389,3818706,it
3390,6220306,it
3391,7311837,it
3392,7932310,it
3393,13165265,it
3394,18849844,it
3395,5887981,it
3396,10189335,it
3397,10455618,it
3398,22955601,it
3399,8603007,it
3400,954568,it
3401,5625697,it
3402,5174660,it
3403,10449271,it
3404,4115800,it
3405,8370361,it
3406,1050610,it
3407,24547234,it
3408,11645051,it
3409,5689753,it
3410,6931641,it
3411,16764613,it
3412,11987447,it
3413,4516641,it
3414,4579155,it
3415,12574936,it
3416,12635297,it
3417,22689812,it
3418,24624298,it
3419,10324947,it
3420,3720370,it
3421,6479781,it
3422,8434820,it
3423,22414475,it
3424,6850025,it
3425,9404614,it
3426,8011231,it
3427,13236028,it
3428,2363267,it
3429,24623071,it
3430,12712605,it
3431,5782046,it
3432,7662689,it
3433,22216175,it
3434,8162729,it
3435,5394482,it
3436,8773988,it
3437,1161780,it
3438,5680814,it
3439,8876181,it
3440,11664037,it
3441,24325602,it
3442,25269899,it
3443,1489048,it
3444,1668204,it
3445,5320782,it
3446,7137367,it
3447,8721073,it
3448,5772869,it
3449,7210881,it
3450,12642586,it
3451,5100240,it
3452,1616376,it
3453,5810832,it
3454,3126745,it
3455,4779600,it
3456,4101342,it
3457,13446794,it
3458,6135134,it
3459,4789711,it
3460,5592056,it
3461,7026477,it
3462,9386181,it
3463,7755759,it
3464,7157186,it
3465,9936605,it
3466,8600920,it
3467,6907332,it
3468,5776562,it
3469,8802844,it
3470,6795505,it
3471,10728974,it
3472,23239347,it
3473,5566531,it
3474,12456297,it
3475,3445855,it
3476,6016162,it
3477,4009765,it
3478,2658589,it
3479,24008946,it
3480,25267617,it
3481,7091425,it
3482,8021117,it
3483,2972824,it
3484,3666433,it
3485,2741932,it
3486,8008749,it
3487,7517368,it
3488,3265467,it
3489,13262494,it
3490,24012334,it
3491,11239222,it
3492,6609458,it
3493,3115093,it
3494,4523717,it
3495,1344663,it
3496,7956091,it
3497,2453793,it
3498,3411522,it
3499,3007774,it
3500,6633578,it
3501,8886825,it
3502,25738865,it
3503,6617672,it
3504,4061573,it
3505,4384108,it
3506,11833199,it
3507,9375136,it
3508,8683526,it
3509,2988134,it
3510,7504262,it
3511,9165136,it
3512,8738199,it
3513,1679677,it
3514,3455797,it
3515,8563428,it
3516,7048052,it
3517,5650941,it
3518,7015695,it
3519,19937611,it
3520,9298029,it
3521,8763054,it
3522,7414419,it
3523,8787120,it
3524,4845517,it
3525,9083867,it
3526,8167059,it
3527,7380604,it
3528,2486267,it
3529,5615447,it
3530,22998050,it
3531,6548542,it
3532,3128135,it
3533,6690869,it
3534,4309657,it
3535,24862010,it
3536,8892264,it
3537,7142415,it
3538,6824591,it
3539,2099255,it
3540,8622815,it
3541,6167835,it
3542,3247043,it
3543,6163409,it
3544,25733306,it
3545,4703575,it
3546,8748226,it
3547,7529308,it
3548,2495367,it
3549,9486057,it
3550,6247964,it
3551,6166814,it
3552,24316328,it
3553,10104939,it
3554,8779849,it
3555,25268056,it
3556,3563257,it
3557,2386874,it
3558,5285449,it
3559,25731464,it
3560,8721067,it
3561,8225945,it
3562,9278672,it
3563,7954126,it
3564,4003831,it
3565,8656921,it
3566,17811225,it
3567,11659475,it
3568,6123139,it
3569,4597518,it
3570,5838657,it
3571,8412643,it
3572,24005967,it
3573,7160958,it
3574,3812932,it
3575,8740034,it
3576,3371387,it
3577,7165074,it
3578,5939384,it
3579,22997150,it
3580,5847965,it
3581,5192046,it
3582,3183271,it
3583,8006014,it
3584,11914106,it
3585,1246494,it
3586,4812150,it
3587,1353852,it
3588,6465449,it
3589,5072789,it
3590,23124821,it
3591,3649451,it
3592,4359927,it
3593,3981748,it
3594,3730759,it
3595,7385278,it
3596,19679095,it
3597,6183735,it
3598,6382547,it
3599,4079651,it
3600,5223680,it
3601,6995042,it
3602,2602271,it
3603,4029062,it
3604,8332159,it
3605,6379662,it
3606,8729257,it
3607,11132671,it
3608,3293199,it
3609,5506594,it
3610,5345343,it
3611,7161848,it
3612,11342694,it
3613,10640123,it
3614,12740945,it
3615,10858612,it
3616,8656634,it
3617,3977745,it
3618,5394010,it
3619,24864803,it
3620,4134267,it
3621,9631555,it
3622,8203773,it
3623,9655583,it
3624,2425704,it
3625,6286654,it
3626,4870674,it
3627,8616628,it
3628,6666130,it
3629,6536336,it
3630,3243020,it
3631,19100113,it
3632,8767325,it
3633,8186701,it
3634,7421946,it
3635,5610398,it
3636,7210613,it
3637,16981760,it
3638,1659033,it
3639,7157093,it
3640,23002087,it
3641,10104566,it
3642,6591061,it
3643,5505669,it
3644,4137306,it
3645,5309602,it
3646,12454504,it
3647,2827406,it
3648,5116643,it
3649,8716904,it
3650,8593229,it
3651,8717603,it
3652,24862541,it
3653,7048201,it
3654,3285587,it
3655,11904819,it
3656,9974133,it
3657,2893736,it
3658,6389592,it
3659,8013785,it
3660,8721386,it
3661,6080375,it
3662,8811293,it
3663,10828129,it
3664,8219902,it
3665,9623826,it
3666,1155584,it
